{
  "prompt_v1_scores": {
    "faithfulness": 0.9886984126984127,
    "answer_relevancy": 0.9213923190012346,
    "context_recall": 0.98,
    "context_precision": 0.9149999999224167
  },
  "prompt_v2_scores": {
    "faithfulness": 0.9640660924043277,
    "answer_relevancy": 0.9086697071280849,
    "context_recall": 0.98,
    "context_precision": 0.92499999992075
  },
  "target_met": true
}